ts	phase	decision	why	evidence	result
2026-10-04T05:36:42.961755+00:00	frame	Keep one workout feature and preserve its snapshot format	Existing rules span routines and active/completed sessions; no cloud integration in scope	docs/architecture.md	open
2026-10-04T05:36:42.961876+00:00	baseline	Run all existing checks before changing structure	Pin current user behavior against the actual application	pnpm verify	14 unit, 13 browser, 10 E2E tests passed
2026-10-04T05:36:42.961878+00:00	design	Use read plus atomic compare-and-save without retries	Preserve revision conflicts without exposing database transaction callbacks	apps/workout/src/features/workouts/ports.ts	implemented
2026-10-04T05:36:42.961879+00:00	workflow	Implement app and import policy in separate worktrees; review then integrate	Independent file ownership avoids concurrent edits	scripts/check-boundaries.mjs	open
2026-10-04T05:36:42.961880+00:00	verification	Keep production browser journeys and add shared adapter contracts	Memory tests do not prove IndexedDB behavior	apps/workout/test/e2e/workout.feature	open
2026-10-04T05:36:42.961881+00:00	publication	Await GitHub repository destination	The checkout has no remote; do not guess publication visibility	git remote -v	blocked on destination
2026-10-04T05:44:51.806436+00:00	review	Close glob-loader and runtime-port import gaps	Independent review reproduced imports that bypassed the policy	scripts/check-architecture.test.mjs	fixed and verified
2026-10-04T05:44:51.806598+00:00	verification	Run complete verification after integrating app, policy, and tests	Prove actual storage and production application behavior together	pnpm verify	28 unit, 24 browser, 10 E2E, 12 boundary/policy tests passed; formatting lint types build passed
2026-10-04T05:44:51.806601+00:00	tooling	Use manual diff cleanup because external deslop plugin is unavailable	Runtime contract allows explicit fallback without claiming unavailable tool ran	git diff --check	passed
2026-10-04T05:44:51.806602+00:00	review	Use independent same-model reviews	No different model family is exposed by this host	scripts/check-architecture.test.mjs	cross-family review unavailable
2026-10-04T05:44:51.806604+00:00	publication	Found matching name with a different upstream architecture	Local base is absent remotely; destination and integration intent remain unconfirmed	https://github.com/alexanderop/form-workout	await user response
2026-10-04T05:45:50.229801+00:00	review	Final independent review found no remaining correctness issues	Verify fixes and review test coverage and documentation	scripts/check-architecture.test.mjs	8 architecture tests independently passed; no comment findings
2026-10-04T05:59:49.864622+00:00	publication	Create a separate private GitHub repository at the user request	Keep the existing remote architecture untouched and make local changes reviewable against their baseline	https://github.com/alexanderop/form-workout-ports-adapters	repository created; publication blocker resolved
